[

    
            {
                "titel": "Hoe kappers 5-10 nieuwe klanten per maand krijgen ",
                "beschrijving": "Bewezen strategieën die werken voor kapsalons en zelfstandige kappers om consistent nieuwe klanten aan te trekken. Ontdek de strategieën",
                "foto": "https://images.pexels.com/photos/67112/pexels-photo-67112.jpeg",
                "tags": ["seo", "kapper", "meer klanten"],
                "datum": "2024-09-12",
                "url": "/seo/meer-klanten-als-kapperszaak"
            },
            {
                "titel": "Digitale groei versnellen",
                "beschrijving": "Wij helpen Belgische KMO's en zelfstandigen met een sterke online aanwezigheid die écht klanten oplevert.",
                "foto": "https://images.pexels.com/photos/4050315/pexels-photo-4050315.jpeg?auto=compress&cs=tinysrgb&w=1260&h=750&dpr=1",
                "tags": ["seo", "bedrijven","meer klanten"],
                "datum": "2024-11-14",
                "url": "/seo/digitale-groei-versnellen"
            },
            {
                "titel": "Is jouw WordPress website al gehackt zonder dat je het weet?",
                "beschrijving": "Elke 39 seconden wordt er een website gehackt. WordPress is het #1 doelwit voor cybercriminelen.",
                "foto": "https://images.pexels.com/photos/5475752/pexels-photo-5475752.jpeg?auto=compress&cs=tinysrgb&w=1260&h=750&dpr=1",
                "tags": ["beveiliging", "wordpress","gehackt"],
                "datum": "2025-01-16",
                "url": "/diensten/beveiliging/wordpress-gehackt"
            },
            {
                "titel": "één verouderde plugin kan je hele website onderuit halen",
                "beschrijving": "Hackers richten zich specifiek op verouderde WordPress plugins omdat ze weten dat veel ondernemers ze vergeten bij te werken. Wij helpen je dit risico te elimineren.",
                "foto": "https://images.pexels.com/photos/207580/pexels-photo-207580.jpeg?auto=compress&cs=tinysrgb&w=1260&h=750&dpr=1",
                "tags": ["beveiliging", "wordpress","gehackt","plugins"],
                "datum": "2025-03-18",
                "url": "/diensten/beveiliging/verouderde-plugins"
            },
            {
                "titel": "Jouw website lijkt veilig... tot je dit ziet",
                "beschrijving": " Wist je dat hackers dagelijks duizenden WordPress-websites besmetten via verouderde plugins, thema's of verborgen backdoors?",
                "foto": "https://images.pexels.com/photos/5380664/pexels-photo-5380664.jpeg?auto=compress&cs=tinysrgb&w=1260&h=750&dpr=1",
                "tags": ["beveiliging", "wordpress","gehackt","security"],
                "datum": "2025-04-10",
                "url": "/security/wordpress-website-gehackt"
            },
            {
                "titel": "Boekingssysteem vs manueelwerk voor schoonheidssalons",
                "beschrijving": "Bespaar gemakkelijk tot 600 euro per maand met ons boekingsysteem",
                "foto": "https://images.pexels.com/photos/8145341/pexels-photo-8145341.jpeg?auto=compress&cs=tinysrgb&w=1260&h=750&dpr=1",
                "tags": ["boekingsysteem", "schoonheidssalon"],
                "datum": "2025-04-10",
                "url": "/boekingssysteem/Manueel-vs-automatisch-boeken"
            },




            {
                "titel": "Website Vertrouwenscheck",
                "beschrijving": "Vul deze checklist in om te zien hoe betrouwbaar je website overkomt bij bezoekers.",
                "foto": "https://images.pexels.com/photos/196645/pexels-photo-196645.jpeg?auto=compress&cs=tinysrgb&w=1260&h=750&dpr=1",
                "tags": ["website", "vertrouwen"],
                "datum": "2025-04-10",
                "url": "/website/website-vertrouwbaarheids-check"
            },
            {
                "titel": "7-daagse actieplan: verbeter je SEO in één week",
                "beschrijving": "Ontvang een gratis SEO-audit checklist die je stap voor stap helpt om je website sneller, beter vindbaar en gebruiksvriendelijker te maken",
                "foto": "https://images.pexels.com/photos/270637/pexels-photo-270637.jpeg?auto=compress&cs=tinysrgb&w=1260&h=750&dpr=1",
                "tags": ["seo", "checklist"],
                "datum": "2025-05-08",
                "url": "/seo/7-daagse-checklist"
            },
            {
                "titel": "Waarom een professionele website onmisbaar is voor vertrouwen",
                "beschrijving": "Zou jij €5.000 werk laten uitvoeren door een bedrijf met een rommelige, onduidelijke site?",
                "foto": "https://images.pexels.com/photos/196645/pexels-photo-196645.jpeg?auto=compress&cs=tinysrgb&w=1260&h=750&dpr=1",
                "tags": ["website", "belangrijk"],
                "datum": "2025-05-12",
                "url": "/website/website-onmisbaar-voor-vertrouwen"
            },
            {
                "titel": "Boekingssysteem vs manueelwerk voor schoonheidssalons",
                "beschrijving": "Bespaar gemakkelijk tot 600 euro per maand met ons boekingsysteem",
                "foto": "https://images.pexels.com/photos/5659016/pexels-photo-5659016.jpeg?auto=compress&cs=tinysrgb&w=1260&h=750&dpr=1",
                "tags": ["boekingsysteem", "schoonheidssalon"],
                "datum": "2025-05-18",
                "url": "/boekingssysteem/Boekingssysteem-vs-Manueel-Werk-voor-Schoonheidssalons"
            },
            {
                "titel": "Vermindering van no-shows en last-minute annuleringen",
                "beschrijving": "Strategieën voor kapperszaken en schoonheidssalons om inkomstenverlies te voorkomen en de bedrijfsvoering te optimaliseren.",
                "foto": "https://images.pexels.com/photos/8145341/pexels-photo-8145341.jpeg?auto=compress&cs=tinysrgb&w=1260&h=750&dpr=1",
                "tags": ["boekingsysteem", "schoonheidssalon","no shows"],
                "datum": "2025-05-18",
                "url": "/boekingssysteem/Vermindering-van-No-Shows-en-Last-Minute-Annuleringen"
            },
            {
                "titel": "Het Mere Exposure Effect",
                "beschrijving": "Bekend maakt bemind - Hoe herhaling vertrouwen creëert",
                "foto": "https://images.pexels.com/photos/8145341/pexels-photo-8145341.jpeg?auto=compress&cs=tinysrgb&w=1260&h=750&dpr=1",
                "tags": ["marketing", "psychology"],
                "datum": "2025-05-19",
                "url": "/marketing/mere-exposure-effect"
            },
            {
                "titel": "Meer omzet, meer leads, meer zichtbaarheid",
                "beschrijving": "Hoe een strategische marketingfunnel hiervoor zorgt.",
                "foto": "https://images.pexels.com/photos/95916/pexels-photo-95916.jpeg?auto=compress&cs=tinysrgb&w=1260&h=750&dpr=1",
                "tags": ["marketing", "sea", "meer omzet","meer leads"],
                "datum": "2025-05-20",
                "url": "/sea/marketing-funnel-wegmarkeringen"
            },
            {
                "titel": "Waarom merkherkenning cruciaal is voor uw bedrijf",
                "beschrijving": "Bouw vertrouwen op en blijf top-of-mind bij uw B2B-klanten",
                "foto": "https://images.pexels.com/photos/27259917/pexels-photo-27259917/free-photo-of-in-the-street-relay-of-the-olympic-torch.jpeg?auto=compress&cs=tinysrgb&w=1260&h=750&dpr=1",
                "tags": ["marketing", "merkherkenning"],
                "datum": "2025-05-18",
                "url": "/marketing/merkherkenning-is-cruciaal"
            },
            {
                "titel": "Van pagina 10 naar pagina 1 in Google",
                "beschrijving": "Een spectaculaire stijging in vindbaarheid met een verdrievoudiging van aanvragen voor dakwerken Aalst",
                "foto": "https://images.pexels.com/photos/97080/pexels-photo-97080.jpeg?auto=compress&cs=tinysrgb&w=1260&h=750&dpr=1",
                "tags": ["marketing", "seo","meer aanvragen","meer leads"],
                "datum": "2025-06-03",
                "url": "/seo/positie-91-naar-positie-2"
            },
            {
                "titel": "Manuele CPC in Google Ads",
                "beschrijving": "De complete gids voor precieze biedcontrole en betere campagneresultaten",
                "foto": "https://images.pexels.com/photos/97080/pexels-photo-97080.jpeg?auto=compress&cs=tinysrgb&w=1260&h=750&dpr=1",
                "tags": ["marketing", "sea","cpc"],
                "datum": "2025-05-20",
                "url": "/sea/manuele-cpc-in-google-ads"
            },
            {
                "titel": "concurrent-in-ai-zoekresultaten",
                "beschrijving": "-",
                "foto": "",
                "tags": ["ai", "seo","marketing"],
                "datum": "2025-05-18",
                "url": "/ai/concurrent-in-ai-zoekresultaten"
            },
            {
                "titel": "hoe-in-ai-zoekresultaten-komen",
                "beschrijving": "-",
                "foto": "",
                "tags": ["ai", "seo","marketing"],
                "datum": "2025-05-12",
                "url": "/ai/hoe-in-ai-zoekresultaten-komen"
            },
            {
                "titel": "meer-klanten-via-ai",
                "beschrijving": "-",
                "foto": "",
                "tags": ["ai", "seo","marketing"],
                "datum": "2025-05-10",
                "url": "/ai/meer-klanten-via-ai"
            },
            {
                "titel": "ai-seo-kunstmatige-intelligentie",
                "beschrijving": "-",
                "foto": "",
                "tags": ["ai", "seo","marketing"],
                "datum": "2025-05-12",
                "url": "/ai/ai-seo-kunstmatige-intelligentie"
            },
            {
                "titel": "ai-seo-van-beginner-tot-expert",
                "beschrijving": "-",
                "foto": "",
                "tags": ["ai", "seo","marketing"],
                "datum": "2025-05-12",
                "url": "/ai/ai-seo-van-beginner-tot-expert"
            },
            {
                "titel": "waarom-koop-je-spullen-die-je-niet-nodig-hebt",
                "beschrijving": "-",
                "foto": "",
                "tags": ["psychologie", "impulseaankopen","marketing"],
                "datum": "2025-05-12",
                "url": "/psychologie/waarom-koop-je-spullen-die-je-niet-nodig-hebt"
            },
            {
                "titel": "-",
                "beschrijving": "-",
                "foto": "",
                "tags": ["psychologie", "impulseaankopen","marketing"],
                "datum": "2025-05-12",
                "url": "/psychologie/tips-om-impulseaankopen-te-voorkomen"
            },
            {
                "titel": "AI-Influencers: De marketingrevolutie die alles verandert",
                "beschrijving": "Waarom hechten we ons aan digitale personages?",
                "foto": "https://images.pexels.com/photos/1036642/pexels-photo-1036642.jpeg?auto=compress&cs=tinysrgb&w=1260&h=750&dpr=1",
                "tags": ["ai", "influencer","marketing"],
                "datum": "2025-05-29",
                "url": "/ai/ai-influencer/ai-influencers-marketingrevolutie"
            },
            {
                "titel": "Creëer jouw eigen AI-influencer en laat je merk 24/7 shinen zonder menselijke grenzen",
                "beschrijving": "Geen gedoe met dure influencers. Bouw je eigen digitale merkambassadeur die altijd paraat staat.",
                "foto": "/bestanden/diensten/ai/ai-influencer-model-rectangle.png",
                "tags": ["ai", "influencer","marketing"],
                "datum": "2025-05-30",
                "url": "/ai/ai-influencer/maak-ai-influencer"
            },

            {
                "titel": "AI SEO Tips",
                "beschrijving": "Concrete strategieën om jouw content te optimaliseren voor AI-gebaseerde zoekmachines",
                "foto": "https://images.pexels.com/photos/6153752/pexels-photo-6153752.jpeg?auto=compress&cs=tinysrgb&w=1260&h=750&dpr=1",
                "tags": ["ai", "seo","marketing"],
                "datum": "2025-05-30",
                "url": "/ai/ai-seo-tips"
            },
            {
                "titel": "Binnen 2 maanden topresultaten in Google ",
                "beschrijving": "Ontdek hoe we in een hypercompetitieve slotenmakersmarkt topposities bereikten met puur SEO-magie.",
                "foto": "https://images.pexels.com/photos/7947758/pexels-photo-7947758.jpeg?auto=compress&cs=tinysrgb&w=1260&h=750&dpr=1",
                "tags": ["seo","marketing", "meer klanten"],
                "datum": "2025-06-06",
                "url": "/seo/binnen-2-maanden-topresultaten-in-google"
            },
            {
                "titel": "Framing & priming: De kracht van subtiele beïnvloeding",
                "beschrijving": "Hoe je de perceptie van je klanten kunt sturen en hun beslissingen kunt beïnvloeden zonder dat ze het doorhebben.",
                "foto": "https://images.pexels.com/photos/32456742/pexels-photo-32456742/free-photo-of-capturing-urban-street-scene-with-smartphone.jpeg?auto=compress&cs=tinysrgb&w=1260&h=750&dpr=1",
                "tags": ["verkoop", "meer klanten"],
                "datum": "2025-06-07",
                "url": "/verkoop/framing-en-priming"
            },
            {
                "titel": "Psychologie voor betere conversies en meer vertrouwen",
                "beschrijving": "Ontdek de 10 wetenschappelijk bewezen principes om je klanten beter te begrijpen en je conversiecijfers te verhogen.",
                "foto": "https://images.pexels.com/photos/27505157/pexels-photo-27505157/free-photo-of-currency-exchange-romanian-euro.jpeg?auto=compress&cs=tinysrgb&w=1260&h=750&dpr=1",
                "tags": ["psychologie", "meer conversies","meer vertrouwen"],
                "datum": "2025-06-08",
                "url": "/psychologie/psychologie-voor-betere-conversies-en-meer-vertrouwen"
            },
            {
                "titel": "Van positie 91 naar top 3 in Google - zonder advertenties!",
                "beschrijving": "Ontdek het geheim achter onze SEO-transformatie in slechts 60 dagen",
                "foto": "https://images.pexels.com/photos/97080/pexels-photo-97080.jpeg?auto=compress&cs=tinysrgb&w=1260&h=750&dpr=1",
                "tags": ["seo","marketing", "meer klanten"],
                "datum": "2025-06-10",
                "url": "/seo/meer-klanten-door-seo"
            },
            {
                "titel": "Maak je eigen AI thumbnails",
                "beschrijving": "Een ebook voor krachtige thumbnails zonder photoshop-skills - Bespaar uren & verhoog je conversie!",
                "foto": "/bestanden/diensten/ai/ai-thumbnail.png",
                "tags": ["ai","marketing", "thumbnails"],
                "datum": "2025-06-11",
                "url": "/ai/maak-eigen-thumbnails"
            },
            {
                "titel": "Nieuwe klanten, waar je niks voor hoeft te doen",
                "beschrijving": "Hoeveel is een nieuwe klant waard?",
                "foto": "https://images.pexels.com/photos/97080/pexels-photo-97080.jpeg?auto=compress&cs=tinysrgb&w=1260&h=750&dpr=1",
                "tags": ["seo","marketing", "meer klanten"],
                "datum": "2025-06-12",
                "url": "/seo/hoeveel-is-klant-waard"
            },
            {
                "titel": "Domineer Google & Haal Meer Klanten Binnen Met Deze Bewezen SEO-Strategieën",
                "beschrijving": "Onthoud de geheime strategieën die ervoor zorgen dat jouw website altijd op #1 rankt in Google - zonder dure experts of eindeloos gedoe.",
                "foto": "https://images.pexels.com/photos/7947758/pexels-photo-7947758.jpeg?auto=compress&cs=tinysrgb&w=1260&h=750&dpr=1",
                "tags": ["seo","marketing", "meer klanten"],
                "datum": "2025-06-12",
                "url": "/seo/domineer-google-haal-meer-klanten-binnen-met-seo-strategieen"
            },
            {
                "titel": "Essentiële Marketing & E-commerce KPI's",
                "beschrijving": "Een praktische gids om je advertentiecampagnes en webshop te optimaliseren",
                "foto": "",
                "tags": ["sea","marketing"],
                "datum": "2025-05-12",
                "url": "sea/essentiele-marketing-kpi"
            },
            {
                "titel": "Je belangrijkste taak als oprichter: ontsla jezelf.",
                "beschrijving": "Van zoveel mogelijk rollen. Leer te delegeren en je bedrijf te schalen.",
                "foto": "",
                "tags": ["sea","marketing"],
                "datum": "2025-05-12",
                "url": "bedrijfsvoeren/ontsla-jezelf"
            },
            {
                "titel": "JSON Prompting: De Ultieme Gids voor Efficiënt AI Prompt Design",
                "beschrijving": "Ontdek hoe je met gestructureerde prompts betere resultaten uit AI-modellen haalt",
                "foto": "",
                "tags": ["ai","marketing", "json prompting"],
                "datum": "2025-08-07",
                "url": "/ai/json-prompting"
            },
            {
                "titel": "SEA strategie: de complete gids (2025)",
                "beschrijving": "Ontdek hoe Belgische bedrijven hun Google Ads structureren, opschalen en winstgevend maken met deze praktische handleiding.",
                "foto": "",
                "tags": ["sea","marketing"],
                "datum": "2025-08-07",
                "url": "/sea/sea-strategie"
            },
            {
                "titel": "De Ultieme SEO Strategie voor 2025",
                "beschrijving": "Ontdek hoe je met bewezen technieken je website naar de top van Google brengt en meer kwalitatief verkeer genereert.",
                "foto": "",
                "tags": ["seo","marketing"],
                "datum": "2025-08-07",
                "url": "/seo/seo-strategie"
            }



            
            

            
        ]