[
    
            {
                "titel": "Bitcoin markt indicatoren dashboard",
                "beschrijving": "De 6 belangrijkste indicatoren voor BTC marktanalyse",
                "foto": "https://images.pexels.com/photos/730564/pexels-photo-730564.jpeg?auto=compress&cs=tinysrgb&w=1260&h=750&dpr=1",
                "tags": ["BTC", "cryptocurrency", "trading"],
                "datum": "2025-05-17",
                "url": "/financien/crypto/6-belangrijke-btc-signalen"
            },
            {
                "titel": "Japanse obligatiemarkt in problemen",
                "beschrijving": "Dit gaat over een serieus financieel probleem in Japan dat wereldwijd gevolgen kan hebben.",
                "foto": "https://images.pexels.com/photos/590478/pexels-photo-590478.jpeg?auto=compress&cs=tinysrgb&w=1260&h=750&dpr=1",
                "tags": ["Aandelen", "japan", "Bonds"],
                "datum": "2025-05-21",
                "url": "/financien/aandelen/Japanse-obligatiemarkt-problemen"
            },
            {
                "titel": "Hoge beheerskosten maken je rendement kapot",
                "beschrijving": "Beleggers verliezen geld door hoge beheerskosten van beleggingsfondsen.",
                "foto": "https://images.pexels.com/photos/159888/pexels-photo-159888.jpeg?auto=compress&cs=tinysrgb&w=1260&h=750&dpr=1/",
                "tags": ["Aandelen", "beleggingsfondsen", "rendement"],
                "datum": "2025-05-25",
                "url": "/financien/aandelen/hoge-beheerskosten-maken-rendeement-kapot"
            },
            {
                "titel": "Mijn Aandelen Portfolio Q1 & Q2 2025",
                "beschrijving": "D-Wave Quantum - 5 maanden - +238%",
                "foto": "/financien/bestanden/aandelen/portfolio-3-juni-2025.PNG",
                "tags": ["Aandelen", "beleggingsfondsen", "rendement"],
                "datum": "2025-05-26",
                "url": "/financien/aandelen/winstcijfers-Q1-Q2-2025"
            },
            {
                "titel": "Tot +238% rendement",
                "beschrijving": "Mis geen enkele kans op de beurs en bepaal",
                "foto": "/financien/bestanden/aandelen/marktanalyse-dagelijks-2.png",
                "tags": ["Aandelen", "dashboard", "dagelijks investeringsnieuws"],
                "datum": "2025-05-25",
                "url": "/financien/aandelen/dagelijks-aandelen-dashboard"
            },
            {
                "titel": "Ontdek hoe onze AI-analysetool tot +238% rendement opleverde op 5 maanden tijd",
                "beschrijving": "Beleggen op buikgevoel is verleden tijd. Dankzij onze geavanceerde AI-analyse behaalden onze klanten verbluffende resultaten in slechts enkele maanden.",
                "foto": "/financien/bestanden/aandelen/ai-analysetool-238procent-rendement-2.PNG",
                "tags": ["Aandelen", "ai-analyse", "rendement"],
                "datum": "2025-05-27",
                "url": "/financien/aandelen/ai-analysetool-238-procent-rendement"
            },
            {
                "titel": "Dagelijks een exclusieve marktanalyse  in je inbox",
                "beschrijving": "Ontvang elke avond de meest winstgevende kansen voordat de markt opent",
                "foto": "https://images.pexels.com/photos/159888/pexels-photo-159888.jpeg?auto=compress&cs=tinysrgb&w=1260&h=750&dpr=1",
                "tags": ["Aandelen", "ai-analyse", "rendement"],
                "datum": "2025-06-11",
                "url": "/financien/aandelen/dagelijks-exclusieve-marktanalyse"
            }

        ]