[
  {
    "titel": "The 20-Second Rule That Can Transform Your Wealth",
    "beschrijving": "Discover the simple principle used by Rockefeller and Carnegie to build fortunes.",
    "datum": "2025-04-14",
    "url": "/bedrijfsvoeren/20-second-rule",
    "foto": "",
    "tags": [""]
  },{
    "titel": "Word de Michael Jordan van jouw sector",
    "beschrijving": "Zo pas je zijn winnende mindset toe in je bedrijf",
    "datum": "2025-06-15",
    "url": "/bedrijfsvoeren/michael-jordan-op-bedrijfsnivieau",
    "foto": "",
    "tags": [""]
  },{
    "titel": "De Mindset van Michael Jordan",
    "beschrijving": "Van basketbalcourt naar boardroom: hoe de legendarische mindset van MJ jouw bedrijf transformeert",
    "datum": "2025-02-20",
    "url": "/bedrijfsvoeren/michael-jordan-mindset-bedrijfsvoeren",
    "foto": "",
    "tags": [""]
  },{
    "titel": "Founder's Scaling Roadmap",
    "beschrijving": "From 'Busy Freelancer' to Scalable Business: A Practical 6-Month Plan",
    "datum": "2025-07-03",
    "url": "/bedrijfsvoeren/founders-scaling-roadmap",
    "foto": "",
    "tags": [""]
  },{
    "titel": "Ontsla jezelf als oprichter",
    "beschrijving": "Het ultieme stappenplan om te delegeren en je bedrijf te schalen",
    "datum": "2025-07-04",
    "url": "/bedrijfsvoeren/stappenplan-bedrijf-schalen-door-deligeren",
    "foto": "",
    "tags": [""]
  }, {
    "titel": "50+ Business Modellen voor Groei",
    "beschrijving": "Ontdek 50+ verschillende business modellen om uw onderneming te inspireren en te groeien",
    "datum": "2025-08-01",
    "url": "/bedrijfsvoeren/business-modellen",
    "foto": "",
    "tags": [""]
  }, {
    "titel": "Van €10K naar €1 Miljard",
    "beschrijving": "Jouw roadmap naar financieel succes",
    "datum": "2025-07-26",
    "url": "/bedrijfsvoeren/10k-naar-1miljard",
    "foto": "",
    "tags": [""]
  }, {
    "titel": "Agency Owner vs Billionaire Habits",
    "beschrijving": "Identify conflicts and scale your business",
    "datum": "2025-07-28",
    "url": "/bedrijfsvoeren/agency-owner-vs-billionaire-habits.php",
    "foto": "",
    "tags": [""]
  }

    
]
