[
    
            {
                "titel": "Verlofdagen planner",
                "beschrijving": "Makkelijk en snel team verlof inplannen",
                "foto": "https://images.pexels.com/photos/1268855/pexels-photo-1268855.jpeg?auto=compress&cs=tinysrgb&w=1260&h=750&dpr=1",
                "tags": ["verlofplanner", "bedrijf"],
                "datum": "2025-05-05",
                "url": "/tools/verlofplanner"
            },
            {
                "titel": "Dagelijkse activiteiten tracker",
                "beschrijving": "Gaat jouw tijd verloren en weet je niet aan wat. Gebruik deze tool om te kijken waar jouw tijd echt naartoe gaat",
                "foto": "https://images.pexels.com/photos/313690/pexels-photo-313690.jpeg?auto=compress&cs=tinysrgb&w=1260&h=750&dpr=1",
                "tags": ["productiviteit", "tracker"],
                "datum": "2025-05-07",
                "url": "/tools/productiviteit/dagelijkse-activiteiten-tracker"
            },
            {
                "titel": "Schoonheidssalon afspraak systeem",
                "beschrijving": "Boekingsysteem om no-shows te voorkomen",
                "foto": "https://images.pexels.com/photos/5069493/pexels-photo-5069493.jpeg?auto=compress&cs=tinysrgb&w=1260&h=750&dpr=1",
                "tags": ["schoonheidssalon", "boekingsysteem","verminderen no-shows"],
                "datum": "2025-05-12",
                "url": "/tools/schoonheidssalon/maak-een-afspraak"
            },
            {
                "titel": "Snelle website offerte generator",
                "beschrijving": "Vul eenvoudig het formulier in en ontvang direct een persoonlijke offerte",
                "foto": "https://images.pexels.com/photos/6963017/pexels-photo-6963017.jpeg?auto=compress&cs=tinysrgb&w=1260&h=750&dpr=1",
                "tags": ["offerte", "generator","administratie"],
                "datum": "2025-05-01",
                "url": "/tools/offerte/snelle-offerte-generator"
            },
            {
                "titel": "Meerdere timers tegelijkertijd",
                "beschrijving": "-",
                "foto": "https://images.pexels.com/photos/2388570/pexels-photo-2388570.jpeg?auto=compress&cs=tinysrgb&w=1260&h=750&dpr=1",
                "tags": ["timers", "koken"],
                "datum": "2025-05-13",
                "url": "/tools/productiviteit/timers"
            },
            {
                "titel": "Schoonheidssalon afspraak systeem - meerdere stappen",
                "beschrijving": "Boekingsysteem om no-shows te voorkomen",
                "foto": "https://images.pexels.com/photos/5069493/pexels-photo-5069493.jpeg?auto=compress&cs=tinysrgb&w=1260&h=750&dpr=1",
                "tags": ["schoonheidssalon", "boekingsysteem","verminderen no-shows"],
                "datum": "2025-05-13",
                "url": "/tools/schoonheidssalon/maak-een-afspraak-meerdere-stappen"
            },
            {
                "titel": "Eenvoudig overzicht van klantengegevens en behandelhistoriek",
                "beschrijving": "Je weet niet wat je vorige keer hebt gedaan bij een klant.",
                "foto": "https://images.pexels.com/photos/7176026/pexels-photo-7176026.jpeg?auto=compress&cs=tinysrgb&w=1260&h=750&dpr=1",
                "tags": ["schoonheidssalon", "boekingsysteem","verminderen no-shows"],
                "datum": "2025-05-14",
                "url": "/tools/schoonheidssalon/overzicht-klanten-behandelhistoriek"
            },
            {
                "titel": "Dakreiniging Prijscalculator",
                "beschrijving": "Bereken in slechts 30 seconden uw offerte voor professionele dakreiniging.",
                "foto": "-",
                "tags": ["calculator", "dakreiniging",""],
                "datum": "2025-05-14",
                "url": "/tools/calculator/dakreiniging-prijscalculator"
            },


            
            {
                "titel": "CPC Analyse Tool",
                "beschrijving": "Analyseer uw gemiddelde CPC en conversieratio's voor betere advertentieprestaties",
                "foto": "/bestanden/diensten/sea/kost-per-klik-tool.png",
                "tags": ["sea", "cpc","analyse"],
                "datum": "2025-05-28",
                "url": "/tools/sea/cpc-analyse-tool"
            },
            {
                "titel": "Creëer jouw eigen AI-influencer",
                "beschrijving": "Geen gedoe met dure influencers.",
                "foto": "/bestanden/diensten/ai/ai-influencer-model-rectangle.png",
                "tags": ["ai", "influencer","marketing"],
                "datum": "2025-05-30",
                "url": "/tools/ai/maak-eigen-ai-influencer"
            },
            {
                "titel": "SEO Sitemap Generator",
                "beschrijving": "Transformeer uw URL's in een professioneel geformatteerde XML-sitemap om de SEO van uw website te verbeteren. Kopieer deze direct of download als XML-bestand voor eenvoudige indiening bij zoekmachines.",
                "foto": "/tools/bestanden/seo/sitemap-generator.png",
                "tags": ["web", "seo","sitemap"],
                "datum": "2025-05-30",
                "url": "/tools/web/sitemap-generator"
            },
            {
                "titel": " SEO Meta Analyzer",
                "beschrijving": "Optimize your meta tags with real-time visual feedback",
                "foto": "/tools/bestanden/seo/sitemap-generator.png",
                "tags": ["web", "seo","meta analyzer"],
                "datum": "2025-06-24",
                "url": "/tools/seo/seo-meta-analyzer"
            },
            {
                "titel": "Think & Grow Rich Agency Growth Implementation Plan",
                "beschrijving": "A practical implementation plan tailored for web design & SEO agencies to scale smartly and hit high income targets.",
                "foto": "",
                "tags": ["think and grow rich", "plan"],
                "datum": "2025-04-24",
                "url": "/tools/bedrijf/think-and-grow-rich-agency-growth-plan"
            }


            

            
        ]