[
  {
    "titel": "Dan Kennedy's Sales Letter – samenvatting",
    "beschrijving": "The Proven Formula for High-Converting Copy",
    "datum": "2025-06-28",
    "url": "/boek-samenvattingen/sales-letter-secrets-dan-kennedy",
    "foto": "",
    "tags": ["motivatie", "geld", "mindset"]
  },
  {
    "titel": "Think and Grow Rich – samenvatting",
    "beschrijving": "Napoleon Hill's tijdloze wijsheid vertaald naar succes in het Nederlands",
    "datum": "2025-06-30",
    "url": "/boek-samenvattingen/think-and-grow-rich",
    "foto": "",
    "tags": ["motivatie", "geld", "mindset"]
  }

  
  
]